"","Rank","Title","Link","NA"
"1","1"," Breaking Bad","https://imdb.com/title/tt0903747/?ref_=chttvtp_t_1tt0903747","https://imdb.com/title/tt0903747/?ref_=chttvtp_t_1tt0903747"
"2","2"," Planet Earth II","https://imdb.com/title/tt5491994/?ref_=chttvtp_t_2tt0903747","https://imdb.com/title/tt5491994/?ref_=chttvtp_t_2tt0903747"
"3","3"," Planet Earth","https://imdb.com/title/tt0795176/?ref_=chttvtp_t_3tt0903747","https://imdb.com/title/tt0795176/?ref_=chttvtp_t_3tt0903747"
"4","4"," Band of Brothers","https://imdb.com/title/tt0185906/?ref_=chttvtp_t_4tt0903747","https://imdb.com/title/tt0185906/?ref_=chttvtp_t_4tt0903747"
"5","5"," Chernobyl","https://imdb.com/title/tt7366338/?ref_=chttvtp_t_5tt0903747","https://imdb.com/title/tt7366338/?ref_=chttvtp_t_5tt0903747"
"6","6"," The Wire","https://imdb.com/title/tt0306414/?ref_=chttvtp_t_6tt0903747","https://imdb.com/title/tt0306414/?ref_=chttvtp_t_6tt0903747"
"7","7"," Avatar: The Last Airbender","https://imdb.com/title/tt0417299/?ref_=chttvtp_t_7tt0903747","https://imdb.com/title/tt0417299/?ref_=chttvtp_t_7tt0903747"
"8","8"," Blue Planet II","https://imdb.com/title/tt6769208/?ref_=chttvtp_t_8tt0903747","https://imdb.com/title/tt6769208/?ref_=chttvtp_t_8tt0903747"
"9","9"," The Sopranos","https://imdb.com/title/tt0141842/?ref_=chttvtp_t_9tt0903747","https://imdb.com/title/tt0141842/?ref_=chttvtp_t_9tt0903747"
"10","10"," Cosmos: A Spacetime Odyssey","https://imdb.com/title/tt2395695/?ref_=chttvtp_t_10tt0903747","https://imdb.com/title/tt2395695/?ref_=chttvtp_t_10tt0903747"
"11","11"," Cosmos","https://imdb.com/title/tt0081846/?ref_=chttvtp_t_11tt0903747","https://imdb.com/title/tt0081846/?ref_=chttvtp_t_11tt0903747"
"12","12"," Our Planet","https://imdb.com/title/tt9253866/?ref_=chttvtp_t_12tt0903747","https://imdb.com/title/tt9253866/?ref_=chttvtp_t_12tt0903747"
"13","13"," Game of Thrones","https://imdb.com/title/tt0944947/?ref_=chttvtp_t_13tt0903747","https://imdb.com/title/tt0944947/?ref_=chttvtp_t_13tt0903747"
"14","14"," The World at War","https://imdb.com/title/tt0071075/?ref_=chttvtp_t_14tt0903747","https://imdb.com/title/tt0071075/?ref_=chttvtp_t_14tt0903747"
"15","15"," Bluey","https://imdb.com/title/tt7678620/?ref_=chttvtp_t_15tt0903747","https://imdb.com/title/tt7678620/?ref_=chttvtp_t_15tt0903747"
"16","16"," Rick and Morty","https://imdb.com/title/tt2861424/?ref_=chttvtp_t_16tt0903747","https://imdb.com/title/tt2861424/?ref_=chttvtp_t_16tt0903747"
"17","17"," Fullmetal Alchemist: Brotherhood","https://imdb.com/title/tt1355642/?ref_=chttvtp_t_17tt0903747","https://imdb.com/title/tt1355642/?ref_=chttvtp_t_17tt0903747"
"18","18"," The Last Dance","https://imdb.com/title/tt8420184/?ref_=chttvtp_t_18tt0903747","https://imdb.com/title/tt8420184/?ref_=chttvtp_t_18tt0903747"
"19","19"," Life","https://imdb.com/title/tt1533395/?ref_=chttvtp_t_19tt0903747","https://imdb.com/title/tt1533395/?ref_=chttvtp_t_19tt0903747"
"20","20"," The Twilight Zone","https://imdb.com/title/tt0052520/?ref_=chttvtp_t_20tt0903747","https://imdb.com/title/tt0052520/?ref_=chttvtp_t_20tt0903747"
"21","21"," Sherlock","https://imdb.com/title/tt1475582/?ref_=chttvtp_t_21tt0903747","https://imdb.com/title/tt1475582/?ref_=chttvtp_t_21tt0903747"
"22","22"," The Vietnam War","https://imdb.com/title/tt1877514/?ref_=chttvtp_t_22tt0903747","https://imdb.com/title/tt1877514/?ref_=chttvtp_t_22tt0903747"
"23","23"," Batman: The Animated Series","https://imdb.com/title/tt0103359/?ref_=chttvtp_t_23tt0903747","https://imdb.com/title/tt0103359/?ref_=chttvtp_t_23tt0903747"
"24","24"," Attack on Titan","https://imdb.com/title/tt2560140/?ref_=chttvtp_t_24tt0903747","https://imdb.com/title/tt2560140/?ref_=chttvtp_t_24tt0903747"
"25","25"," Scam 1992: The Harshad Mehta Story","https://imdb.com/title/tt12392504/?ref_=chttvtp_t_25tt0903747","https://imdb.com/title/tt12392504/?ref_=chttvtp_t_25tt0903747"
"26","26"," The Office","https://imdb.com/title/tt0386676/?ref_=chttvtp_t_26tt0903747","https://imdb.com/title/tt0386676/?ref_=chttvtp_t_26tt0903747"
"27","27"," Arcane","https://imdb.com/title/tt11126994/?ref_=chttvtp_t_27tt0903747","https://imdb.com/title/tt11126994/?ref_=chttvtp_t_27tt0903747"
"28","28"," The Blue Planet","https://imdb.com/title/tt0296310/?ref_=chttvtp_t_28tt0903747","https://imdb.com/title/tt0296310/?ref_=chttvtp_t_28tt0903747"
"29","29"," Better Call Saul","https://imdb.com/title/tt3032476/?ref_=chttvtp_t_29tt0903747","https://imdb.com/title/tt3032476/?ref_=chttvtp_t_29tt0903747"
"30","30"," Human Planet","https://imdb.com/title/tt1806234/?ref_=chttvtp_t_30tt0903747","https://imdb.com/title/tt1806234/?ref_=chttvtp_t_30tt0903747"
"31","31"," Firefly","https://imdb.com/title/tt0303461/?ref_=chttvtp_t_31tt0903747","https://imdb.com/title/tt0303461/?ref_=chttvtp_t_31tt0903747"
"32","32"," Frozen Planet","https://imdb.com/title/tt2092588/?ref_=chttvtp_t_32tt0903747","https://imdb.com/title/tt2092588/?ref_=chttvtp_t_32tt0903747"
"33","33"," Clarkson's Farm","https://imdb.com/title/tt10541088/?ref_=chttvtp_t_33tt0903747","https://imdb.com/title/tt10541088/?ref_=chttvtp_t_33tt0903747"
"34","34"," Death Note","https://imdb.com/title/tt0877057/?ref_=chttvtp_t_34tt0903747","https://imdb.com/title/tt0877057/?ref_=chttvtp_t_34tt0903747"
"35","35"," Only Fools and Horses","https://imdb.com/title/tt0081912/?ref_=chttvtp_t_35tt0903747","https://imdb.com/title/tt0081912/?ref_=chttvtp_t_35tt0903747"
"36","36"," Hunter x Hunter","https://imdb.com/title/tt2098220/?ref_=chttvtp_t_36tt0903747","https://imdb.com/title/tt2098220/?ref_=chttvtp_t_36tt0903747"
"37","37"," The Civil War","https://imdb.com/title/tt0098769/?ref_=chttvtp_t_37tt0903747","https://imdb.com/title/tt0098769/?ref_=chttvtp_t_37tt0903747"
"38","38"," True Detective","https://imdb.com/title/tt2356777/?ref_=chttvtp_t_38tt0903747","https://imdb.com/title/tt2356777/?ref_=chttvtp_t_38tt0903747"
"39","39"," Seinfeld","https://imdb.com/title/tt0098904/?ref_=chttvtp_t_39tt0903747","https://imdb.com/title/tt0098904/?ref_=chttvtp_t_39tt0903747"
"40","40"," The Beatles: Get Back","https://imdb.com/title/tt9735318/?ref_=chttvtp_t_40tt0903747","https://imdb.com/title/tt9735318/?ref_=chttvtp_t_40tt0903747"
"41","41"," The Decalogue","https://imdb.com/title/tt0092337/?ref_=chttvtp_t_41tt0903747","https://imdb.com/title/tt0092337/?ref_=chttvtp_t_41tt0903747"
"42","42"," Persona","https://imdb.com/title/tt7920978/?ref_=chttvtp_t_42tt0903747","https://imdb.com/title/tt7920978/?ref_=chttvtp_t_42tt0903747"
"43","43"," Fargo","https://imdb.com/title/tt2802850/?ref_=chttvtp_t_43tt0903747","https://imdb.com/title/tt2802850/?ref_=chttvtp_t_43tt0903747"
"44","44"," Cowboy Bebop","https://imdb.com/title/tt0213338/?ref_=chttvtp_t_44tt0903747","https://imdb.com/title/tt0213338/?ref_=chttvtp_t_44tt0903747"
"45","45"," Gravity Falls","https://imdb.com/title/tt1865718/?ref_=chttvtp_t_45tt0903747","https://imdb.com/title/tt1865718/?ref_=chttvtp_t_45tt0903747"
"46","46"," Nathan for You","https://imdb.com/title/tt2297757/?ref_=chttvtp_t_46tt0903747","https://imdb.com/title/tt2297757/?ref_=chttvtp_t_46tt0903747"
"47","47"," Last Week Tonight with John Oliver","https://imdb.com/title/tt3530232/?ref_=chttvtp_t_47tt0903747","https://imdb.com/title/tt3530232/?ref_=chttvtp_t_47tt0903747"
"48","48"," When They See Us","https://imdb.com/title/tt7137906/?ref_=chttvtp_t_48tt0903747","https://imdb.com/title/tt7137906/?ref_=chttvtp_t_48tt0903747"
"49","49"," Succession","https://imdb.com/title/tt7660850/?ref_=chttvtp_t_49tt0903747","https://imdb.com/title/tt7660850/?ref_=chttvtp_t_49tt0903747"
"50","50"," Apocalypse: The Second World War","https://imdb.com/title/tt1508238/?ref_=chttvtp_t_50tt0903747","https://imdb.com/title/tt1508238/?ref_=chttvtp_t_50tt0903747"
"51","51"," Friends","https://imdb.com/title/tt0108778/?ref_=chttvtp_t_51tt0903747","https://imdb.com/title/tt0108778/?ref_=chttvtp_t_51tt0903747"
"52","52"," Africa","https://imdb.com/title/tt2571774/?ref_=chttvtp_t_52tt0903747","https://imdb.com/title/tt2571774/?ref_=chttvtp_t_52tt0903747"
"53","53"," Taskmaster","https://imdb.com/title/tt4934214/?ref_=chttvtp_t_53tt0903747","https://imdb.com/title/tt4934214/?ref_=chttvtp_t_53tt0903747"
"54","54"," TVF Pitchers","https://imdb.com/title/tt4742876/?ref_=chttvtp_t_54tt0903747","https://imdb.com/title/tt4742876/?ref_=chttvtp_t_54tt0903747"
"55","55"," It's Always Sunny in Philadelphia","https://imdb.com/title/tt0472954/?ref_=chttvtp_t_55tt0903747","https://imdb.com/title/tt0472954/?ref_=chttvtp_t_55tt0903747"
"56","56"," As If","https://imdb.com/title/tt13675832/?ref_=chttvtp_t_56tt0903747","https://imdb.com/title/tt13675832/?ref_=chttvtp_t_56tt0903747"
"57","57"," Monty Python's Flying Circus","https://imdb.com/title/tt0063929/?ref_=chttvtp_t_57tt0903747","https://imdb.com/title/tt0063929/?ref_=chttvtp_t_57tt0903747"
"58","58"," The West Wing","https://imdb.com/title/tt0200276/?ref_=chttvtp_t_58tt0903747","https://imdb.com/title/tt0200276/?ref_=chttvtp_t_58tt0903747"
"59","59"," Curb Your Enthusiasm","https://imdb.com/title/tt0264235/?ref_=chttvtp_t_59tt0903747","https://imdb.com/title/tt0264235/?ref_=chttvtp_t_59tt0903747"
"60","60"," Das Boot","https://imdb.com/title/tt0081834/?ref_=chttvtp_t_60tt0903747","https://imdb.com/title/tt0081834/?ref_=chttvtp_t_60tt0903747"
"61","61"," One Piece","https://imdb.com/title/tt0388629/?ref_=chttvtp_t_61tt0903747","https://imdb.com/title/tt0388629/?ref_=chttvtp_t_61tt0903747"
"62","62"," Fawlty Towers","https://imdb.com/title/tt0072500/?ref_=chttvtp_t_62tt0903747","https://imdb.com/title/tt0072500/?ref_=chttvtp_t_62tt0903747"
"63","63"," BoJack Horseman","https://imdb.com/title/tt3398228/?ref_=chttvtp_t_63tt0903747","https://imdb.com/title/tt3398228/?ref_=chttvtp_t_63tt0903747"
"64","64"," Leyla and Mecnun","https://imdb.com/title/tt1831164/?ref_=chttvtp_t_64tt0903747","https://imdb.com/title/tt1831164/?ref_=chttvtp_t_64tt0903747"
"65","65"," Pride and Prejudice","https://imdb.com/title/tt0112130/?ref_=chttvtp_t_65tt0903747","https://imdb.com/title/tt0112130/?ref_=chttvtp_t_65tt0903747"
"66","66"," Freaks and Geeks","https://imdb.com/title/tt0193676/?ref_=chttvtp_t_66tt0903747","https://imdb.com/title/tt0193676/?ref_=chttvtp_t_66tt0903747"
"67","67"," Blackadder Goes Forth","https://imdb.com/title/tt0096548/?ref_=chttvtp_t_67tt0903747","https://imdb.com/title/tt0096548/?ref_=chttvtp_t_67tt0903747"
"68","68"," Twin Peaks","https://imdb.com/title/tt0098936/?ref_=chttvtp_t_68tt0903747","https://imdb.com/title/tt0098936/?ref_=chttvtp_t_68tt0903747"
"69","69"," Dragon Ball Z","https://imdb.com/title/tt0214341/?ref_=chttvtp_t_69tt0903747","https://imdb.com/title/tt0214341/?ref_=chttvtp_t_69tt0903747"
"70","70"," Narcos","https://imdb.com/title/tt2707408/?ref_=chttvtp_t_70tt0903747","https://imdb.com/title/tt2707408/?ref_=chttvtp_t_70tt0903747"
"71","71"," Chappelle's Show","https://imdb.com/title/tt0353049/?ref_=chttvtp_t_71tt0903747","https://imdb.com/title/tt0353049/?ref_=chttvtp_t_71tt0903747"
"72","72"," Dragon Ball Z","https://imdb.com/title/tt0121220/?ref_=chttvtp_t_72tt0903747","https://imdb.com/title/tt0121220/?ref_=chttvtp_t_72tt0903747"
"73","73"," Black Mirror","https://imdb.com/title/tt2085059/?ref_=chttvtp_t_73tt0903747","https://imdb.com/title/tt2085059/?ref_=chttvtp_t_73tt0903747"
"74","74"," Blue Eye Samurai","https://imdb.com/title/tt13309742/?ref_=chttvtp_t_74tt0903747","https://imdb.com/title/tt13309742/?ref_=chttvtp_t_74tt0903747"
"75","75"," I, Claudius","https://imdb.com/title/tt0074006/?ref_=chttvtp_t_75tt0903747","https://imdb.com/title/tt0074006/?ref_=chttvtp_t_75tt0903747"
"76","76"," The Last of Us","https://imdb.com/title/tt3581920/?ref_=chttvtp_t_76tt0903747","https://imdb.com/title/tt3581920/?ref_=chttvtp_t_76tt0903747"
"77","77"," Over the Garden Wall","https://imdb.com/title/tt3718778/?ref_=chttvtp_t_77tt0903747","https://imdb.com/title/tt3718778/?ref_=chttvtp_t_77tt0903747"
"78","78"," South Park","https://imdb.com/title/tt0121955/?ref_=chttvtp_t_78tt0903747","https://imdb.com/title/tt0121955/?ref_=chttvtp_t_78tt0903747"
"79","79"," Ted Lasso","https://imdb.com/title/tt10986410/?ref_=chttvtp_t_79tt0903747","https://imdb.com/title/tt10986410/?ref_=chttvtp_t_79tt0903747"
"80","80"," Kota Factory","https://imdb.com/title/tt9432978/?ref_=chttvtp_t_80tt0903747","https://imdb.com/title/tt9432978/?ref_=chttvtp_t_80tt0903747"
"81","81"," Six Feet Under","https://imdb.com/title/tt0248654/?ref_=chttvtp_t_81tt0903747","https://imdb.com/title/tt0248654/?ref_=chttvtp_t_81tt0903747"
"82","82"," Peaky Blinders","https://imdb.com/title/tt2442560/?ref_=chttvtp_t_82tt0903747","https://imdb.com/title/tt2442560/?ref_=chttvtp_t_82tt0903747"
"83","83"," Vinland Saga","https://imdb.com/title/tt10233448/?ref_=chttvtp_t_83tt0903747","https://imdb.com/title/tt10233448/?ref_=chttvtp_t_83tt0903747"
"84","84"," Rome","https://imdb.com/title/tt0384766/?ref_=chttvtp_t_84tt0903747","https://imdb.com/title/tt0384766/?ref_=chttvtp_t_84tt0903747"
"85","85"," Oz","https://imdb.com/title/tt0118421/?ref_=chttvtp_t_85tt0903747","https://imdb.com/title/tt0118421/?ref_=chttvtp_t_85tt0903747"
"86","86"," Gullak","https://imdb.com/title/tt10530900/?ref_=chttvtp_t_86tt0903747","https://imdb.com/title/tt10530900/?ref_=chttvtp_t_86tt0903747"
"87","87"," Steins;Gate","https://imdb.com/title/tt1910272/?ref_=chttvtp_t_87tt0903747","https://imdb.com/title/tt1910272/?ref_=chttvtp_t_87tt0903747"
"88","88"," Panchayat","https://imdb.com/title/tt12004706/?ref_=chttvtp_t_88tt0903747","https://imdb.com/title/tt12004706/?ref_=chttvtp_t_88tt0903747"
"89","89"," Dark","https://imdb.com/title/tt5753856/?ref_=chttvtp_t_89tt0903747","https://imdb.com/title/tt5753856/?ref_=chttvtp_t_89tt0903747"
"90","90"," The Boys","https://imdb.com/title/tt1190634/?ref_=chttvtp_t_90tt0903747","https://imdb.com/title/tt1190634/?ref_=chttvtp_t_90tt0903747"
"91","91"," Fleabag","https://imdb.com/title/tt5687612/?ref_=chttvtp_t_91tt0903747","https://imdb.com/title/tt5687612/?ref_=chttvtp_t_91tt0903747"
"92","92"," Bleach: Thousand-Year Blood War","https://imdb.com/title/tt14986406/?ref_=chttvtp_t_92tt0903747","https://imdb.com/title/tt14986406/?ref_=chttvtp_t_92tt0903747"
"93","93"," Battlestar Galactica","https://imdb.com/title/tt0407362/?ref_=chttvtp_t_93tt0903747","https://imdb.com/title/tt0407362/?ref_=chttvtp_t_93tt0903747"
"94","94"," The Shield","https://imdb.com/title/tt0286486/?ref_=chttvtp_t_94tt0903747","https://imdb.com/title/tt0286486/?ref_=chttvtp_t_94tt0903747"
"95","95"," Downton Abbey","https://imdb.com/title/tt1606375/?ref_=chttvtp_t_95tt0903747","https://imdb.com/title/tt1606375/?ref_=chttvtp_t_95tt0903747"
"96","96"," The Simpsons","https://imdb.com/title/tt0096697/?ref_=chttvtp_t_96tt0903747","https://imdb.com/title/tt0096697/?ref_=chttvtp_t_96tt0903747"
"97","97"," Arrested Development","https://imdb.com/title/tt0367279/?ref_=chttvtp_t_97tt0903747","https://imdb.com/title/tt0367279/?ref_=chttvtp_t_97tt0903747"
"98","98"," House","https://imdb.com/title/tt0412142/?ref_=chttvtp_t_98tt0903747","https://imdb.com/title/tt0412142/?ref_=chttvtp_t_98tt0903747"
"99","99"," Invincible","https://imdb.com/title/tt6741278/?ref_=chttvtp_t_99tt0903747","https://imdb.com/title/tt6741278/?ref_=chttvtp_t_99tt0903747"
"100","100"," One Punch Man","https://imdb.com/title/tt4508902/?ref_=chttvtp_t_100tt0903747","https://imdb.com/title/tt4508902/?ref_=chttvtp_t_100tt0903747"
"101","101"," Severance","https://imdb.com/title/tt11280740/?ref_=chttvtp_t_101tt0903747","https://imdb.com/title/tt11280740/?ref_=chttvtp_t_101tt0903747"
"102","102"," Berserk","https://imdb.com/title/tt0318871/?ref_=chttvtp_t_102tt0903747","https://imdb.com/title/tt0318871/?ref_=chttvtp_t_102tt0903747"
"103","103"," Mad Men","https://imdb.com/title/tt0804503/?ref_=chttvtp_t_103tt0903747","https://imdb.com/title/tt0804503/?ref_=chttvtp_t_103tt0903747"
"104","104"," Peep Show","https://imdb.com/title/tt0387764/?ref_=chttvtp_t_104tt0903747","https://imdb.com/title/tt0387764/?ref_=chttvtp_t_104tt0903747"
"105","105"," Stranger Things","https://imdb.com/title/tt4574334/?ref_=chttvtp_t_105tt0903747","https://imdb.com/title/tt4574334/?ref_=chttvtp_t_105tt0903747"
"106","106"," Star Trek: The Next Generation","https://imdb.com/title/tt0092455/?ref_=chttvtp_t_106tt0903747","https://imdb.com/title/tt0092455/?ref_=chttvtp_t_106tt0903747"
"107","107"," The Marvelous Mrs","https://imdb.com/title/tt5788792/?ref_=chttvtp_t_107tt0903747","https://imdb.com/title/tt5788792/?ref_=chttvtp_t_107tt0903747"
"108","108"," Sarabhai V/S Sarabhai","https://imdb.com/title/tt1518542/?ref_=chttvtp_t_108tt0903747","https://imdb.com/title/tt1518542/?ref_=chttvtp_t_108tt0903747"
"109","109"," The Adventures of Sherlock Holmes","https://imdb.com/title/tt0086661/?ref_=chttvtp_t_109tt0903747","https://imdb.com/title/tt0086661/?ref_=chttvtp_t_109tt0903747"
"110","110"," Mahabharat","https://imdb.com/title/tt0158417/?ref_=chttvtp_t_110tt0903747","https://imdb.com/title/tt0158417/?ref_=chttvtp_t_110tt0903747"
"111","111"," The Mandalorian","https://imdb.com/title/tt8111088/?ref_=chttvtp_t_111tt0903747","https://imdb.com/title/tt8111088/?ref_=chttvtp_t_111tt0903747"
"112","112"," The Grand Tour","https://imdb.com/title/tt5712554/?ref_=chttvtp_t_112tt0903747","https://imdb.com/title/tt5712554/?ref_=chttvtp_t_112tt0903747"
"113","113"," Justice League Unlimited","https://imdb.com/title/tt6025022/?ref_=chttvtp_t_113tt0903747","https://imdb.com/title/tt6025022/?ref_=chttvtp_t_113tt0903747"
"114","114"," Friday Night Lights","https://imdb.com/title/tt0758745/?ref_=chttvtp_t_114tt0903747","https://imdb.com/title/tt0758745/?ref_=chttvtp_t_114tt0903747"
"115","115"," Aspirants","https://imdb.com/title/tt14392248/?ref_=chttvtp_t_115tt0903747","https://imdb.com/title/tt14392248/?ref_=chttvtp_t_115tt0903747"
"116","116"," Top Gear","https://imdb.com/title/tt1628033/?ref_=chttvtp_t_116tt0903747","https://imdb.com/title/tt1628033/?ref_=chttvtp_t_116tt0903747"
"117","117"," Behzat Ã‡: An Ankara Detective Story","https://imdb.com/title/tt1795096/?ref_=chttvtp_t_117tt0903747","https://imdb.com/title/tt1795096/?ref_=chttvtp_t_117tt0903747"
"118","118"," Line of Duty","https://imdb.com/title/tt2303687/?ref_=chttvtp_t_118tt0903747","https://imdb.com/title/tt2303687/?ref_=chttvtp_t_118tt0903747"
"119","119"," The Thick of It","https://imdb.com/title/tt0459159/?ref_=chttvtp_t_119tt0903747","https://imdb.com/title/tt0459159/?ref_=chttvtp_t_119tt0903747"
"120","120"," 1883","https://imdb.com/title/tt13991232/?ref_=chttvtp_t_120tt0903747","https://imdb.com/title/tt13991232/?ref_=chttvtp_t_120tt0903747"
"121","121"," House of Cards","https://imdb.com/title/tt1856010/?ref_=chttvtp_t_121tt0903747","https://imdb.com/title/tt1856010/?ref_=chttvtp_t_121tt0903747"
"122","122"," Naruto: Shippuden","https://imdb.com/title/tt0988824/?ref_=chttvtp_t_122tt0903747","https://imdb.com/title/tt0988824/?ref_=chttvtp_t_122tt0903747"
"123","123"," This Is Us","https://imdb.com/title/tt5555260/?ref_=chttvtp_t_123tt0903747","https://imdb.com/title/tt5555260/?ref_=chttvtp_t_123tt0903747"
"124","124"," How to with John Wilson","https://imdb.com/title/tt10801534/?ref_=chttvtp_t_124tt0903747","https://imdb.com/title/tt10801534/?ref_=chttvtp_t_124tt0903747"
"125","125"," Monster","https://imdb.com/title/tt0434706/?ref_=chttvtp_t_125tt0903747","https://imdb.com/title/tt0434706/?ref_=chttvtp_t_125tt0903747"
"126","126"," The Crown","https://imdb.com/title/tt4786824/?ref_=chttvtp_t_126tt0903747","https://imdb.com/title/tt4786824/?ref_=chttvtp_t_126tt0903747"
"127","127"," Father Ted","https://imdb.com/title/tt0111958/?ref_=chttvtp_t_127tt0903747","https://imdb.com/title/tt0111958/?ref_=chttvtp_t_127tt0903747"
"128","128"," Atlanta","https://imdb.com/title/tt4288182/?ref_=chttvtp_t_128tt0903747","https://imdb.com/title/tt4288182/?ref_=chttvtp_t_128tt0903747"
"129","129"," Ramayan","https://imdb.com/title/tt0268093/?ref_=chttvtp_t_129tt0903747","https://imdb.com/title/tt0268093/?ref_=chttvtp_t_129tt0903747"
"130","130"," Parks and Recreation","https://imdb.com/title/tt1266020/?ref_=chttvtp_t_130tt0903747","https://imdb.com/title/tt1266020/?ref_=chttvtp_t_130tt0903747"
"131","131"," Deadwood","https://imdb.com/title/tt0348914/?ref_=chttvtp_t_131tt0903747","https://imdb.com/title/tt0348914/?ref_=chttvtp_t_131tt0903747"
"132","132"," The X-Files","https://imdb.com/title/tt0106179/?ref_=chttvtp_t_132tt0903747","https://imdb.com/title/tt0106179/?ref_=chttvtp_t_132tt0903747"
"133","133"," Dexter","https://imdb.com/title/tt0773262/?ref_=chttvtp_t_133tt0903747","https://imdb.com/title/tt0773262/?ref_=chttvtp_t_133tt0903747"
"134","134"," Code Geass","https://imdb.com/title/tt0994314/?ref_=chttvtp_t_134tt0903747","https://imdb.com/title/tt0994314/?ref_=chttvtp_t_134tt0903747"
"135","135"," Critical Role","https://imdb.com/title/tt4834232/?ref_=chttvtp_t_135tt0903747","https://imdb.com/title/tt4834232/?ref_=chttvtp_t_135tt0903747"
"136","136"," Primal","https://imdb.com/title/tt10332508/?ref_=chttvtp_t_136tt0903747","https://imdb.com/title/tt10332508/?ref_=chttvtp_t_136tt0903747"
"137","137"," It's a Sin","https://imdb.com/title/tt9140342/?ref_=chttvtp_t_137tt0903747","https://imdb.com/title/tt9140342/?ref_=chttvtp_t_137tt0903747"
"138","138"," The Jinx: The Life and Deaths of Robert Durst","https://imdb.com/title/tt4299972/?ref_=chttvtp_t_138tt0903747","https://imdb.com/title/tt4299972/?ref_=chttvtp_t_138tt0903747"
"139","139"," Daredevil","https://imdb.com/title/tt3322312/?ref_=chttvtp_t_139tt0903747","https://imdb.com/title/tt3322312/?ref_=chttvtp_t_139tt0903747"
"140","140"," The Bridge","https://imdb.com/title/tt1733785/?ref_=chttvtp_t_140tt0903747","https://imdb.com/title/tt1733785/?ref_=chttvtp_t_140tt0903747"
"141","141"," Blackadder II","https://imdb.com/title/tt0088484/?ref_=chttvtp_t_141tt0903747","https://imdb.com/title/tt0088484/?ref_=chttvtp_t_141tt0903747"
"142","142"," Adventure Time","https://imdb.com/title/tt1305826/?ref_=chttvtp_t_142tt0903747","https://imdb.com/title/tt1305826/?ref_=chttvtp_t_142tt0903747"
"143","143"," Lonesome Dove","https://imdb.com/title/tt0096639/?ref_=chttvtp_t_143tt0903747","https://imdb.com/title/tt0096639/?ref_=chttvtp_t_143tt0903747"
"144","144"," Yeh Meri Family","https://imdb.com/title/tt8595766/?ref_=chttvtp_t_144tt0903747","https://imdb.com/title/tt8595766/?ref_=chttvtp_t_144tt0903747"
"145","145"," Mindhunter","https://imdb.com/title/tt5290382/?ref_=chttvtp_t_145tt0903747","https://imdb.com/title/tt5290382/?ref_=chttvtp_t_145tt0903747"
"146","146"," The Return of Sherlock Holmes","https://imdb.com/title/tt0090509/?ref_=chttvtp_t_146tt0903747","https://imdb.com/title/tt0090509/?ref_=chttvtp_t_146tt0903747"
"147","147"," The Offer","https://imdb.com/title/tt13111040/?ref_=chttvtp_t_147tt0903747","https://imdb.com/title/tt13111040/?ref_=chttvtp_t_147tt0903747"
"148","148"," Haikyu!!","https://imdb.com/title/tt3398540/?ref_=chttvtp_t_148tt0903747","https://imdb.com/title/tt3398540/?ref_=chttvtp_t_148tt0903747"
"149","149"," Mystery Science Theater 3000","https://imdb.com/title/tt0094517/?ref_=chttvtp_t_149tt0903747","https://imdb.com/title/tt0094517/?ref_=chttvtp_t_149tt0903747"
"150","150"," Demon Slayer: Kimetsu no Yaiba","https://imdb.com/title/tt9335498/?ref_=chttvtp_t_150tt0903747","https://imdb.com/title/tt9335498/?ref_=chttvtp_t_150tt0903747"
"151","151"," Gomorrah","https://imdb.com/title/tt2049116/?ref_=chttvtp_t_151tt0903747","https://imdb.com/title/tt2049116/?ref_=chttvtp_t_151tt0903747"
"152","152"," Poirot","https://imdb.com/title/tt0094525/?ref_=chttvtp_t_152tt0903747","https://imdb.com/title/tt0094525/?ref_=chttvtp_t_152tt0903747"
"153","153"," Archer","https://imdb.com/title/tt1486217/?ref_=chttvtp_t_153tt0903747","https://imdb.com/title/tt1486217/?ref_=chttvtp_t_153tt0903747"
"154","154"," Blackadder the Third","https://imdb.com/title/tt0092324/?ref_=chttvtp_t_154tt0903747","https://imdb.com/title/tt0092324/?ref_=chttvtp_t_154tt0903747"
"155","155"," Mr","https://imdb.com/title/tt0096657/?ref_=chttvtp_t_155tt0903747","https://imdb.com/title/tt0096657/?ref_=chttvtp_t_155tt0903747"
"156","156"," Young Justice","https://imdb.com/title/tt1641384/?ref_=chttvtp_t_156tt0903747","https://imdb.com/title/tt1641384/?ref_=chttvtp_t_156tt0903747"
"157","157"," Anne with an E","https://imdb.com/title/tt5421602/?ref_=chttvtp_t_157tt0903747","https://imdb.com/title/tt5421602/?ref_=chttvtp_t_157tt0903747"
"158","158"," Pose","https://imdb.com/title/tt7562112/?ref_=chttvtp_t_158tt0903747","https://imdb.com/title/tt7562112/?ref_=chttvtp_t_158tt0903747"
"159","159"," Crash Landing on You","https://imdb.com/title/tt10850932/?ref_=chttvtp_t_159tt0903747","https://imdb.com/title/tt10850932/?ref_=chttvtp_t_159tt0903747"
"160","160"," Dopesick","https://imdb.com/title/tt9174558/?ref_=chttvtp_t_160tt0903747","https://imdb.com/title/tt9174558/?ref_=chttvtp_t_160tt0903747"
"161","161"," Yes Minister","https://imdb.com/title/tt0080306/?ref_=chttvtp_t_161tt0903747","https://imdb.com/title/tt0080306/?ref_=chttvtp_t_161tt0903747"
"162","162"," Yellowstone","https://imdb.com/title/tt4236770/?ref_=chttvtp_t_162tt0903747","https://imdb.com/title/tt4236770/?ref_=chttvtp_t_162tt0903747"
"163","163"," QI","https://imdb.com/title/tt0380136/?ref_=chttvtp_t_163tt0903747","https://imdb.com/title/tt0380136/?ref_=chttvtp_t_163tt0903747"
"164","164"," The Newsroom","https://imdb.com/title/tt1870479/?ref_=chttvtp_t_164tt0903747","https://imdb.com/title/tt1870479/?ref_=chttvtp_t_164tt0903747"
"165","165"," Boardwalk Empire","https://imdb.com/title/tt0979432/?ref_=chttvtp_t_165tt0903747","https://imdb.com/title/tt0979432/?ref_=chttvtp_t_165tt0903747"
"166","166"," Justified","https://imdb.com/title/tt1489428/?ref_=chttvtp_t_166tt0903747","https://imdb.com/title/tt1489428/?ref_=chttvtp_t_166tt0903747"
"167","167"," The Bugs Bunny Show","https://imdb.com/title/tt0053488/?ref_=chttvtp_t_167tt0903747","https://imdb.com/title/tt0053488/?ref_=chttvtp_t_167tt0903747"
"168","168"," The Bear","https://imdb.com/title/tt14452776/?ref_=chttvtp_t_168tt0903747","https://imdb.com/title/tt14452776/?ref_=chttvtp_t_168tt0903747"
"169","169"," The Haunting of Hill House","https://imdb.com/title/tt6763664/?ref_=chttvtp_t_169tt0903747","https://imdb.com/title/tt6763664/?ref_=chttvtp_t_169tt0903747"
"170","170"," Mr Inbetween","https://imdb.com/title/tt7472896/?ref_=chttvtp_t_170tt0903747","https://imdb.com/title/tt7472896/?ref_=chttvtp_t_170tt0903747"
"171","171"," The Bureau","https://imdb.com/title/tt4063800/?ref_=chttvtp_t_171tt0903747","https://imdb.com/title/tt4063800/?ref_=chttvtp_t_171tt0903747"
"172","172"," El Chavo del Ocho","https://imdb.com/title/tt0229889/?ref_=chttvtp_t_172tt0903747","https://imdb.com/title/tt0229889/?ref_=chttvtp_t_172tt0903747"
"173","173"," Homicide: Life on the Street","https://imdb.com/title/tt0106028/?ref_=chttvtp_t_173tt0903747","https://imdb.com/title/tt0106028/?ref_=chttvtp_t_173tt0903747"
"174","174"," Justice League","https://imdb.com/title/tt0275137/?ref_=chttvtp_t_174tt0903747","https://imdb.com/title/tt0275137/?ref_=chttvtp_t_174tt0903747"
"175","175"," What We Do in the Shadows","https://imdb.com/title/tt7908628/?ref_=chttvtp_t_175tt0903747","https://imdb.com/title/tt7908628/?ref_=chttvtp_t_175tt0903747"
"176","176"," Making a Murderer","https://imdb.com/title/tt5189670/?ref_=chttvtp_t_176tt0903747","https://imdb.com/title/tt5189670/?ref_=chttvtp_t_176tt0903747"
"177","177"," The Venture Bros","https://imdb.com/title/tt0417373/?ref_=chttvtp_t_177tt0903747","https://imdb.com/title/tt0417373/?ref_=chttvtp_t_177tt0903747"
"178","178"," The Queen's Gambit","https://imdb.com/title/tt10048342/?ref_=chttvtp_t_178tt0903747","https://imdb.com/title/tt10048342/?ref_=chttvtp_t_178tt0903747"
"179","179"," Flight of the Conchords","https://imdb.com/title/tt0863046/?ref_=chttvtp_t_179tt0903747","https://imdb.com/title/tt0863046/?ref_=chttvtp_t_179tt0903747"
"180","180"," Dragon Ball","https://imdb.com/title/tt0088509/?ref_=chttvtp_t_180tt0903747","https://imdb.com/title/tt0088509/?ref_=chttvtp_t_180tt0903747"
"181","181"," Dragon Ball","https://imdb.com/title/tt0280249/?ref_=chttvtp_t_181tt0903747","https://imdb.com/title/tt0280249/?ref_=chttvtp_t_181tt0903747"
"182","182"," Battlestar Galactica","https://imdb.com/title/tt0314979/?ref_=chttvtp_t_182tt0903747","https://imdb.com/title/tt0314979/?ref_=chttvtp_t_182tt0903747"
"183","183"," Black Sun","https://imdb.com/title/tt6108262/?ref_=chttvtp_t_183tt0903747","https://imdb.com/title/tt6108262/?ref_=chttvtp_t_183tt0903747"
"184","184"," The Family Man","https://imdb.com/title/tt9544034/?ref_=chttvtp_t_184tt0903747","https://imdb.com/title/tt9544034/?ref_=chttvtp_t_184tt0903747"
"185","185"," Coupling","https://imdb.com/title/tt0237123/?ref_=chttvtp_t_185tt0903747","https://imdb.com/title/tt0237123/?ref_=chttvtp_t_185tt0903747"
"186","186"," The Eric Andre Show","https://imdb.com/title/tt2244495/?ref_=chttvtp_t_186tt0903747","https://imdb.com/title/tt2244495/?ref_=chttvtp_t_186tt0903747"
"187","187"," Impractical Jokers","https://imdb.com/title/tt2100976/?ref_=chttvtp_t_187tt0903747","https://imdb.com/title/tt2100976/?ref_=chttvtp_t_187tt0903747"
"188","188"," Yes, Prime Minister","https://imdb.com/title/tt0086831/?ref_=chttvtp_t_188tt0903747","https://imdb.com/title/tt0086831/?ref_=chttvtp_t_188tt0903747"
"189","189"," Samurai Champloo","https://imdb.com/title/tt0423731/?ref_=chttvtp_t_189tt0903747","https://imdb.com/title/tt0423731/?ref_=chttvtp_t_189tt0903747"
"190","190"," Rocket Boys","https://imdb.com/title/tt13868972/?ref_=chttvtp_t_190tt0903747","https://imdb.com/title/tt13868972/?ref_=chttvtp_t_190tt0903747"
"191","191"," Spaced","https://imdb.com/title/tt0187664/?ref_=chttvtp_t_191tt0903747","https://imdb.com/title/tt0187664/?ref_=chttvtp_t_191tt0903747"
"192","192"," Endeavour","https://imdb.com/title/tt2701582/?ref_=chttvtp_t_192tt0903747","https://imdb.com/title/tt2701582/?ref_=chttvtp_t_192tt0903747"
"193","193"," Mr","https://imdb.com/title/tt4158110/?ref_=chttvtp_t_193tt0903747","https://imdb.com/title/tt4158110/?ref_=chttvtp_t_193tt0903747"
"194","194"," The IT Crowd","https://imdb.com/title/tt0487831/?ref_=chttvtp_t_194tt0903747","https://imdb.com/title/tt0487831/?ref_=chttvtp_t_194tt0903747"
"195","195"," Ezel","https://imdb.com/title/tt1534360/?ref_=chttvtp_t_195tt0903747","https://imdb.com/title/tt1534360/?ref_=chttvtp_t_195tt0903747"
"196","196"," Long Way Round","https://imdb.com/title/tt0403778/?ref_=chttvtp_t_196tt0903747","https://imdb.com/title/tt0403778/?ref_=chttvtp_t_196tt0903747"
"197","197"," I'm Alan Partridge","https://imdb.com/title/tt0129690/?ref_=chttvtp_t_197tt0903747","https://imdb.com/title/tt0129690/?ref_=chttvtp_t_197tt0903747"
"198","198"," Heartstopper","https://imdb.com/title/tt10638036/?ref_=chttvtp_t_198tt0903747","https://imdb.com/title/tt10638036/?ref_=chttvtp_t_198tt0903747"
"199","199"," Formula 1: Drive to Survive","https://imdb.com/title/tt8289930/?ref_=chttvtp_t_199tt0903747","https://imdb.com/title/tt8289930/?ref_=chttvtp_t_199tt0903747"
"200","200"," Jujutsu Kaisen","https://imdb.com/title/tt12343534/?ref_=chttvtp_t_200tt0903747","https://imdb.com/title/tt12343534/?ref_=chttvtp_t_200tt0903747"
"201","201"," Louie","https://imdb.com/title/tt1492966/?ref_=chttvtp_t_201tt0903747","https://imdb.com/title/tt1492966/?ref_=chttvtp_t_201tt0903747"
"202","202"," Mob Psycho 100","https://imdb.com/title/tt5897304/?ref_=chttvtp_t_202tt0903747","https://imdb.com/title/tt5897304/?ref_=chttvtp_t_202tt0903747"
"203","203"," Samurai Jack","https://imdb.com/title/tt0278238/?ref_=chttvtp_t_203tt0903747","https://imdb.com/title/tt0278238/?ref_=chttvtp_t_203tt0903747"
"204","204"," Whose Line Is It Anyway?","https://imdb.com/title/tt0163507/?ref_=chttvtp_t_204tt0903747","https://imdb.com/title/tt0163507/?ref_=chttvtp_t_204tt0903747"
"205","205"," The Office","https://imdb.com/title/tt0290978/?ref_=chttvtp_t_205tt0903747","https://imdb.com/title/tt0290978/?ref_=chttvtp_t_205tt0903747"
"206","206"," Detectorists","https://imdb.com/title/tt4082744/?ref_=chttvtp_t_206tt0903747","https://imdb.com/title/tt4082744/?ref_=chttvtp_t_206tt0903747"
"207","207"," Spartacus","https://imdb.com/title/tt1442449/?ref_=chttvtp_t_207tt0903747","https://imdb.com/title/tt1442449/?ref_=chttvtp_t_207tt0903747"
"208","208"," Through the Wormhole","https://imdb.com/title/tt1513168/?ref_=chttvtp_t_208tt0903747","https://imdb.com/title/tt1513168/?ref_=chttvtp_t_208tt0903747"
"209","209"," Sons of Anarchy","https://imdb.com/title/tt1124373/?ref_=chttvtp_t_209tt0903747","https://imdb.com/title/tt1124373/?ref_=chttvtp_t_209tt0903747"
"210","210"," Happy Valley","https://imdb.com/title/tt3428912/?ref_=chttvtp_t_210tt0903747","https://imdb.com/title/tt3428912/?ref_=chttvtp_t_210tt0903747"
"211","211"," Neon Genesis Evangelion","https://imdb.com/title/tt0112159/?ref_=chttvtp_t_211tt0903747","https://imdb.com/title/tt0112159/?ref_=chttvtp_t_211tt0903747"
"212","212"," Shameless","https://imdb.com/title/tt1586680/?ref_=chttvtp_t_212tt0903747","https://imdb.com/title/tt1586680/?ref_=chttvtp_t_212tt0903747"
"213","213"," Letterkenny","https://imdb.com/title/tt4647692/?ref_=chttvtp_t_213tt0903747","https://imdb.com/title/tt4647692/?ref_=chttvtp_t_213tt0903747"
"214","214"," Brass Eye","https://imdb.com/title/tt0118273/?ref_=chttvtp_t_214tt0903747","https://imdb.com/title/tt0118273/?ref_=chttvtp_t_214tt0903747"
"215","215"," Doctor Who","https://imdb.com/title/tt0436992/?ref_=chttvtp_t_215tt0903747","https://imdb.com/title/tt0436992/?ref_=chttvtp_t_215tt0903747"
"216","216"," Twin Peaks","https://imdb.com/title/tt4093826/?ref_=chttvtp_t_216tt0903747","https://imdb.com/title/tt4093826/?ref_=chttvtp_t_216tt0903747"
"217","217"," Trailer Park Boys","https://imdb.com/title/tt0290988/?ref_=chttvtp_t_217tt0903747","https://imdb.com/title/tt0290988/?ref_=chttvtp_t_217tt0903747"
"218","218"," Skam","https://imdb.com/title/tt5288312/?ref_=chttvtp_t_218tt0903747","https://imdb.com/title/tt5288312/?ref_=chttvtp_t_218tt0903747"
"219","219"," North & South","https://imdb.com/title/tt0417349/?ref_=chttvtp_t_219tt0903747","https://imdb.com/title/tt0417349/?ref_=chttvtp_t_219tt0903747"
"220","220"," Spartacus: Gods of the Arena","https://imdb.com/title/tt1758429/?ref_=chttvtp_t_220tt0903747","https://imdb.com/title/tt1758429/?ref_=chttvtp_t_220tt0903747"
"221","221"," Extraordinary Attorney Woo","https://imdb.com/title/tt20869502/?ref_=chttvtp_t_221tt0903747","https://imdb.com/title/tt20869502/?ref_=chttvtp_t_221tt0903747"
"222","222"," Silicon Valley","https://imdb.com/title/tt2575988/?ref_=chttvtp_t_222tt0903747","https://imdb.com/title/tt2575988/?ref_=chttvtp_t_222tt0903747"
"223","223"," The Rehearsal","https://imdb.com/title/tt10802170/?ref_=chttvtp_t_223tt0903747","https://imdb.com/title/tt10802170/?ref_=chttvtp_t_223tt0903747"
"224","224"," Regular Show","https://imdb.com/title/tt1710308/?ref_=chttvtp_t_224tt0903747","https://imdb.com/title/tt1710308/?ref_=chttvtp_t_224tt0903747"
"225","225"," Fullmetal Alchemist","https://imdb.com/title/tt0421357/?ref_=chttvtp_t_225tt0903747","https://imdb.com/title/tt0421357/?ref_=chttvtp_t_225tt0903747"
"226","226"," Futurama","https://imdb.com/title/tt0149460/?ref_=chttvtp_t_226tt0903747","https://imdb.com/title/tt0149460/?ref_=chttvtp_t_226tt0903747"
"227","227"," Schitt's Creek","https://imdb.com/title/tt3526078/?ref_=chttvtp_t_227tt0903747","https://imdb.com/title/tt3526078/?ref_=chttvtp_t_227tt0903747"
"228","228"," From the Earth to the Moon","https://imdb.com/title/tt0120570/?ref_=chttvtp_t_228tt0903747","https://imdb.com/title/tt0120570/?ref_=chttvtp_t_228tt0903747"
"229","229"," Rurouni Kenshin: Trust and Betrayal","https://imdb.com/title/tt0203082/?ref_=chttvtp_t_229tt0903747","https://imdb.com/title/tt0203082/?ref_=chttvtp_t_229tt0903747"
"230","230"," Westworld","https://imdb.com/title/tt0475784/?ref_=chttvtp_t_230tt0903747","https://imdb.com/title/tt0475784/?ref_=chttvtp_t_230tt0903747"
"231","231"," Hannibal","https://imdb.com/title/tt2243973/?ref_=chttvtp_t_231tt0903747","https://imdb.com/title/tt2243973/?ref_=chttvtp_t_231tt0903747"
"232","232"," The Expanse","https://imdb.com/title/tt3230854/?ref_=chttvtp_t_232tt0903747","https://imdb.com/title/tt3230854/?ref_=chttvtp_t_232tt0903747"
"233","233"," Umbre","https://imdb.com/title/tt4269716/?ref_=chttvtp_t_233tt0903747","https://imdb.com/title/tt4269716/?ref_=chttvtp_t_233tt0903747"
"234","234"," Derry Girls","https://imdb.com/title/tt7120662/?ref_=chttvtp_t_234tt0903747","https://imdb.com/title/tt7120662/?ref_=chttvtp_t_234tt0903747"
"235","235"," My Brilliant Friend","https://imdb.com/title/tt7278862/?ref_=chttvtp_t_235tt0903747","https://imdb.com/title/tt7278862/?ref_=chttvtp_t_235tt0903747"
"236","236"," Wentworth","https://imdb.com/title/tt2433738/?ref_=chttvtp_t_236tt0903747","https://imdb.com/title/tt2433738/?ref_=chttvtp_t_236tt0903747"
"237","237"," Tear Along the Dotted Line","https://imdb.com/title/tt15614372/?ref_=chttvtp_t_237tt0903747","https://imdb.com/title/tt15614372/?ref_=chttvtp_t_237tt0903747"
"238","238"," Community","https://imdb.com/title/tt1439629/?ref_=chttvtp_t_238tt0903747","https://imdb.com/title/tt1439629/?ref_=chttvtp_t_238tt0903747"
"239","239"," Chef's Table","https://imdb.com/title/tt4295140/?ref_=chttvtp_t_239tt0903747","https://imdb.com/title/tt4295140/?ref_=chttvtp_t_239tt0903747"
"240","240"," Avrupa Yakasi","https://imdb.com/title/tt0421291/?ref_=chttvtp_t_240tt0903747","https://imdb.com/title/tt0421291/?ref_=chttvtp_t_240tt0903747"
"241","241"," Gintama","https://imdb.com/title/tt0988818/?ref_=chttvtp_t_241tt0903747","https://imdb.com/title/tt0988818/?ref_=chttvtp_t_241tt0903747"
"242","242"," Your Lie in April","https://imdb.com/title/tt3895150/?ref_=chttvtp_t_242tt0903747","https://imdb.com/title/tt3895150/?ref_=chttvtp_t_242tt0903747"
"243","243"," Foyle's War","https://imdb.com/title/tt0310455/?ref_=chttvtp_t_243tt0903747","https://imdb.com/title/tt0310455/?ref_=chttvtp_t_243tt0903747"
"244","244"," Alfred Hitchcock Presents","https://imdb.com/title/tt0047708/?ref_=chttvtp_t_244tt0903747","https://imdb.com/title/tt0047708/?ref_=chttvtp_t_244tt0903747"
"245","245"," Generation Kill","https://imdb.com/title/tt0995832/?ref_=chttvtp_t_245tt0903747","https://imdb.com/title/tt0995832/?ref_=chttvtp_t_245tt0903747"
"246","246"," Cobra Kai","https://imdb.com/title/tt7221388/?ref_=chttvtp_t_246tt0903747","https://imdb.com/title/tt7221388/?ref_=chttvtp_t_246tt0903747"
"247","247"," Alchemy of Souls","https://imdb.com/title/tt20859920/?ref_=chttvtp_t_247tt0903747","https://imdb.com/title/tt20859920/?ref_=chttvtp_t_247tt0903747"
"248","248"," The Great British Baking Show","https://imdb.com/title/tt1877368/?ref_=chttvtp_t_248tt0903747","https://imdb.com/title/tt1877368/?ref_=chttvtp_t_248tt0903747"
"249","249"," Southland","https://imdb.com/title/tt1299368/?ref_=chttvtp_t_249tt0903747","https://imdb.com/title/tt1299368/?ref_=chttvtp_t_249tt0903747"
"250","250"," I Love Lucy","https://imdb.com/title/tt0043208/?ref_=chttvtp_t_250tt0903747","https://imdb.com/title/tt0043208/?ref_=chttvtp_t_250tt0903747"
